model,n_pairs,mean_high_accuracy,mean_low_accuracy,mean_difference
gpt-5-mini,11,0.893939393939394,0.7878787878787878,0.10606060606060606
gpt-5,11,0.8787878787878788,0.9090909090909091,-0.030303030303030318
claude-opus-4-5,11,0.7575757575757577,0.8030303030303029,-0.04545454545454544
gemini-3-flash,12,0.7263227513227513,0.8055555555555555,-0.07923280423280425
