{
  "benchmarks": {
    "chance": 0.25,
    "human_benchmarks": {
      "eu_emotion": {
        "video_only": {
          "citation": "O'Reilly et al. (2016); facial expression",
          "accuracy": 0.63,
          "n": 1231
        },
        "audio_only": {
          "citation": "Lassalle et al. (2019); UK vocal expression",
          "accuracy": 0.4519,
          "n": 427
        },
        "multimodal": {
          "citation": null,
          "accuracy": null,
          "n": null
        }
      },
      "mindreading": {}
    }
  },
  "per_model_dataset": {
    "claude-opus-4-5": {
      "eu_emotion": {
        "video_only": {
          "n_correct": 85,
          "n_total": 118,
          "accuracy": 0.7203389830508474,
          "wilson_ci_95": [
            0.6333941439231597,
            0.7933899778635377
          ]
        }
      },
      "mindreading": {
        "video_only": {
          "n_correct": 334,
          "n_total": 581,
          "accuracy": 0.5748709122203098,
          "wilson_ci_95": [
            0.5343102424685022,
            0.6144480213102517
          ]
        }
      }
    },
    "gemini-3-flash": {
      "eu_emotion": {
        "audio_only": {
          "n_correct": 69,
          "n_total": 118,
          "accuracy": 0.5847457627118644,
          "wilson_ci_95": [
            0.49453649386124565,
            0.6696112452874842
          ]
        },
        "multimodal": {
          "n_correct": 96,
          "n_total": 118,
          "accuracy": 0.8135593220338984,
          "wilson_ci_95": [
            0.7338165429504817,
            0.8735300918998186
          ]
        },
        "video_only": {
          "n_correct": 88,
          "n_total": 118,
          "accuracy": 0.7457627118644068,
          "wilson_ci_95": [
            0.6603107217485353,
            0.8157177217827811
          ]
        }
      },
      "mindreading": {
        "audio_only": {
          "n_correct": 970,
          "n_total": 1263,
          "accuracy": 0.768012668250198,
          "wilson_ci_95": [
            0.7439421725979796,
            0.7904577677309557
          ]
        },
        "multimodal": {
          "n_correct": 1058,
          "n_total": 1240,
          "accuracy": 0.853225806451613,
          "wilson_ci_95": [
            0.8324383877688599,
            0.8718314319801534
          ]
        },
        "video_only": {
          "n_correct": 380,
          "n_total": 581,
          "accuracy": 0.6540447504302926,
          "wilson_ci_95": [
            0.6144680238204283,
            0.6915978292416054
          ]
        }
      }
    },
    "gpt-5": {
      "eu_emotion": {
        "video_only": {
          "n_correct": 87,
          "n_total": 118,
          "accuracy": 0.7372881355932204,
          "wilson_ci_95": [
            0.6513031361566628,
            0.8083105334597807
          ]
        }
      },
      "mindreading": {
        "video_only": {
          "n_correct": 380,
          "n_total": 581,
          "accuracy": 0.6540447504302926,
          "wilson_ci_95": [
            0.6144680238204283,
            0.6915978292416054
          ]
        }
      }
    },
    "gpt-5-mini": {
      "eu_emotion": {
        "video_only": {
          "n_correct": 80,
          "n_total": 118,
          "accuracy": 0.6779661016949152,
          "wilson_ci_95": [
            0.5891986209460398,
            0.7555116312662926
          ]
        }
      },
      "mindreading": {
        "video_only": {
          "n_correct": 365,
          "n_total": 581,
          "accuracy": 0.6282271944922547,
          "wilson_ci_95": [
            0.5882083648779648,
            0.6665615351569123
          ]
        }
      }
    }
  },
  "comparisons": {
    "vs_chance": {
      "claude-opus-4-5": {
        "eu_emotion": {
          "video_only": {
            "p_value": 1.1044754224566578e-26
          }
        },
        "mindreading": {
          "video_only": {
            "p_value": 5.724274652969444e-62
          }
        }
      },
      "gemini-3-flash": {
        "eu_emotion": {
          "audio_only": {
            "p_value": 1.2681814590454749e-14
          },
          "multimodal": {
            "p_value": 1.2915142749852909e-37
          },
          "video_only": {
            "p_value": 1.998581328691961e-29
          }
        },
        "mindreading": {
          "audio_only": {
            "p_value": 0.0
          },
          "multimodal": {
            "p_value": 0.0
          },
          "video_only": {
            "p_value": 2.8563894660302586e-93
          }
        }
      },
      "gpt-5": {
        "eu_emotion": {
          "video_only": {
            "p_value": 1.711688932966761e-28
          }
        },
        "mindreading": {
          "video_only": {
            "p_value": 2.8563894660302586e-93
          }
        }
      },
      "gpt-5-mini": {
        "eu_emotion": {
          "video_only": {
            "p_value": 1.812343872276869e-22
          }
        },
        "mindreading": {
          "video_only": {
            "p_value": 2.5010782178830942e-82
          }
        }
      }
    },
    "vs_human_benchmark": {
      "claude-opus-4-5": {
        "eu_emotion": {
          "video_only": {
            "benchmark": {
              "citation": "O'Reilly et al. (2016); facial expression",
              "accuracy": 0.63,
              "n": 1231
            },
            "z": 1.9505147847169346,
            "p_value_raw": 0.05111479294384266,
            "cohen_h": 0.1933315855114266,
            "power_alpha_0_01": 0.13770022769161455
          }
        },
        "mindreading": {
          "video_only": null
        }
      },
      "gemini-3-flash": {
        "eu_emotion": {
          "audio_only": {
            "benchmark": {
              "citation": "Lassalle et al. (2019); UK vocal expression",
              "accuracy": 0.4519,
              "n": 427
            },
            "z": 2.556580193308319,
            "p_value_raw": 0.010570670272912202,
            "cohen_h": 0.2666627077169099,
            "power_alpha_0_01": 0.29890628226654825
          },
          "multimodal": null,
          "video_only": {
            "benchmark": {
              "citation": "O'Reilly et al. (2016); facial expression",
              "accuracy": 0.63,
              "n": 1231
            },
            "z": 2.502792144676179,
            "p_value_raw": 0.012321788512473479,
            "cohen_h": 0.25081830853982323,
            "power_alpha_0_01": 0.2580893934871185
          }
        },
        "mindreading": {
          "audio_only": null,
          "multimodal": null,
          "video_only": null
        }
      },
      "gpt-5": {
        "eu_emotion": {
          "video_only": {
            "benchmark": {
              "citation": "O'Reilly et al. (2016); facial expression",
              "accuracy": 0.63,
              "n": 1231
            },
            "z": 2.3185291854380345,
            "p_value_raw": 0.020420578690823633,
            "cohen_h": 0.23146037356236038,
            "power_alpha_0_01": 0.21245689856586192
          }
        },
        "mindreading": {
          "video_only": null
        }
      },
      "gpt-5-mini": {
        "eu_emotion": {
          "video_only": {
            "benchmark": {
              "citation": "O'Reilly et al. (2016); facial expression",
              "accuracy": 0.63,
              "n": 1231
            },
            "z": 1.0333856575063585,
            "p_value_raw": 0.30142345571492435,
            "cohen_h": 0.10088920494571996,
            "power_alpha_0_01": 0.03626346434494846
          }
        },
        "mindreading": {
          "video_only": null
        }
      }
    },
    "pairwise_models_fisher": {
      "eu_emotion:video_only": [
        {
          "dataset": "eu_emotion",
          "condition": "video_only",
          "model_a": "claude-opus-4-5",
          "model_b": "gemini-3-flash",